{
  "name": "Compact (like craigslist)",
  "component": false,
  "license_url": null,
  "about_url": null,
  "authors": null,
  "theme_version": "0.1",
  "minimum_discourse_version": null,
  "maximum_discourse_version": null,
  "assets": {
  },
  "color_schemes": {
    "craigslist": {
      "primary": "222222",
      "secondary": "ffffff",
      "tertiary": "0000ff",
      "quaternary": "7b1fa2",
      "header_background": "ffffff",
      "header_primary": "333333",
      "highlight": "ffff4d",
      "selected": "d1f0ff",
      "hover": "f2f2f2",
      "danger": "c80001",
      "success": "009900",
      "love": "fa6c8d"
    }
  },
  "modifiers": {
  },
  "learn_more": "https://meta.discourse.org/t/beginners-guide-to-using-discourse-themes/91966"
}